{
  "project_info": {
    "project_number": "93936630587",
    "project_id": "bloodbank-ecb3c",
    "storage_bucket": "bloodbank-ecb3c.appspot.com"
  },
  "client": [
    {
      "client_info": {
        "mobilesdk_app_id": "1:93936630587:android:e175990ae5546ec416151e",
        "android_client_info": {
          "package_name": "com.example.bloodbank"
        }
      },
      "oauth_client": [],
      "api_key": [
        {
          "current_key": "AIzaSyBz-L5ohql7YENgVSr5dY9xhH66fYVivRg"
        }
      ],
      "services": {
        "appinvite_service": {
          "other_platform_oauth_client": []
        }
      }
    }
  ],
  "configuration_version": "1"
}